,#,substance,SigC800,SigBr730,EpsC800,EpsBr730,MAPE_dens1,MAPE_dens2,MAPE_RCE1,MAPE_RCE2,prediction_1-bromobutane,prediction_2-bromobutane,RCE1,RCE2,RCE3,RCE4,RCE5,RCE6,RCE7,RCE8,RCE9,RCE21,RCE22,RCE23
0,maxR2-0,both,0.25234213306871955,0.5133659110710891,0.5087948166515901,2.4422944488754688,0.39762685949683374,9.31075883092969,338.0881164991268,84.77053014972333,1280.8729234734606,1375.6758998872501,2.0537762906309793,0.016730401529641874,-2.7215583173996176,0.0,-1.1436424474187372,-1.1706500956022934,-3.770315487571696,2.0979923518164485,-2.729206500956019,0.0,0.7244263862332642,-1.1448374760994313
1,maxR2-1,both,0.2514448385949873,0.5132264139157848,0.5136883885808241,2.4400397121810857,0.4556189951974381,9.643412988335022,337.74798368548653,85.18168325653555,1281.6127871407289,1379.8623524581963,2.069550669216066,0.07982791586998164,-2.719885277246653,0.0,-1.1625239005736079,-1.1598948374760947,-3.747131931166347,2.054493307839389,-2.719646271510514,0.0,0.6661089866156802,-1.2026768642447376
2,maxR2-2,both,0.2539008474064976,0.516515554745402,0.5117402551634438,2.4417730176546235,0.13859628740035443,9.001793832798116,344.967762063069,85.42393137255262,1277.5682114346537,1371.7875753857643,2.01362332695985,0.07122370936902529,-2.7846558317399572,0.0,-1.1876195028680674,-1.2072179732313546,-3.8243307839388088,2.1020554493307877,-2.796367112810705,0.0,0.6828393881453153,-1.2081739961759097
3,maxR2-3,both,0.2694220900585906,0.5116022511491221,0.49868996009626027,2.4374524712306496,0.16405200861431773,9.504215124478279,344.067886623071,82.90963335601438,1277.8929755259014,1378.1105473415591,2.0054971319311643,0.04110898661567807,-2.6876195028680696,0.0,-1.2237093690248577,-1.2136711281070753,-3.7543021032504775,2.07265774378585,-2.721319311663479,0.0,0.660372848948376,-1.1429254302103276
4,maxR2-4,both,0.2700705837320895,0.515933698932683,0.5298712177785226,2.3852218975071255,0.23227096241413042,9.082699963565465,343.44840025606453,85.04537406010101,1278.7633129384794,1372.8057790414714,2.021032504780119,0.083891013384321,-2.7277724665391925,0.0,-1.2010038240917726,-1.1857074569789636,-3.8183556405353727,2.0628585086042066,-2.7586042065009564,0.0,0.669694072657742,-1.2036328871892927
5,maxR2-5,both,0.248234485491032,0.5201012244265864,0.5113196019597704,2.4413472630163984,0.12910525108693244,8.657086475132383,350.78665538965134,86.77334451491606,1277.447124793367,1367.449433289541,2.099665391969406,0.0002390057361388085,-2.880736137667303,0.0,-1.253585086042066,-1.1773422562141462,-3.9175430210325026,2.0712237093690242,-2.860898661567877,0.0,0.7043499043977062,-1.2148661567877626
6,maxR2-6,both,0.25580049388615855,0.5142992216332464,0.5127885561457934,2.44323056525238,0.31072223132582644,9.522153685781387,339.79319763278886,83.44091666532503,1279.7641942272548,1378.3363041355587,2.1529636711281093,0.06883365200765079,-2.711998087954106,0.0,-1.1771032504780075,-1.169933078393877,-3.788240917782025,2.0838910133843265,-2.7521510516252357,0.0,0.6742351816443589,-1.171367112810703
7,maxR2-7,both,0.2589268208944963,0.5158023669630416,0.5195697994323395,2.4506615662118327,0.3715302008690543,9.405621849548073,339.7097313035773,85.42339703731643,1280.5399823026873,1376.8697509765625,2.03130975143404,0.07265774378585135,-2.772466539196939,0.0,-1.145554493307834,-1.1749521988527716,-3.7968451242829815,2.096797323135761,-2.752629063097513,0.0,0.6620458891013409,-1.2036328871892927
8,maxR2-8,both,0.2533005276943324,0.5157516401125797,0.510335550106473,2.441135774465278,0.2609531582781829,9.112575584548836,344.00394377301365,85.80500383060526,1279.129240393313,1373.181763731547,2.045172084130023,0.004063097514339366,-2.7798757170172084,0.0,-1.171367112810703,-1.1955066921606141,-3.8307839388145295,2.0370458891013374,-2.797801147227531,0.0,0.6692160611854712,-1.2208413001911986
9,maxR2-9,both,0.2958492529684595,0.5101402583192014,0.5077458571402238,2.439811330667015,0.34172032989105233,9.761003086261288,341.39282477553274,80.70548182324478,1280.15966796875,1381.3422238405983,2.132170172084128,0.033221797323138146,-2.6304971319311665,0.0,-1.2043499043977024,-1.2299235181644328,-3.7189292543021035,2.0105162523900586,-2.6455544933078365,0.0,0.6613288718929244,-1.0924952198852766
10,maxR2-10,both,0.2522462439399142,0.5160737032704792,0.5114765943974875,2.4423099830680317,0.24145281012711425,9.400502246581361,346.3612221488999,84.9296049709491,1278.8804549516017,1376.8053207732264,2.000956022944547,0.13718929254301718,-2.7884799235181648,0.0,-1.2208413001912055,-1.1998087954110923,-3.8236137667304058,2.077676864244738,-2.804732313575529,0.0,0.6761472275334626,-1.2043499043977024
11,maxR2-11,both,0.25134719615676826,0.5201171605201785,0.5106734615287848,2.4414223966950215,0.041629619677283555,8.615734295850714,342.87307341541987,89.02350116513776,1276.3311106878427,1366.9290161132812,2.0334608030592687,0.12189292543020815,-2.8128585086042075,0.0,-1.1615678776290663,-1.1754302103250494,-3.8852772466539194,2.0616634799235123,-2.7449808795411124,0.0,0.6479445506692191,-1.2715105162523883
12,maxR2-12,both,0.28335956494236836,0.5104808722249099,0.5086499405940909,2.430325003166929,0.1990895661569072,9.543461199878665,335.2549274758431,83.18885335338888,1278.3399846850298,1378.604459200473,2.045172084130023,0.05090822179732846,-2.579588910133838,0.0,-1.1799713193116594,-1.1613288718929207,-3.692638623326957,2.0564053537284925,-2.632887189292541,0.0,0.6491395793499063,-1.1364722753346068
13,maxR2-13,both,0.25188535411133894,0.5161175064518717,0.51220465803629,2.4425128815257264,0.21353271005003852,8.972697215840956,350.3668509892145,83.34220925570006,1278.5242503148183,1371.4213944613584,2.0112332695984683,0.014101338432121772,-2.8221797323135736,0.0,-1.2347036328871885,-1.2206022944550667,-3.857074569789676,2.0351338432122406,-2.8405831739961735,0.0,0.6787762906309759,-1.1641969407265795
14,maxR2-14,both,0.25867509012066653,0.515538421276039,0.5198076899667551,2.450054795345888,0.4169417678138071,9.43445952780564,346.02969220304055,85.54349039185956,1281.1193430737685,1377.232673157434,2.0322657743785815,0.045889101338427066,-2.7729445506692167,0.0,-1.2296845124283007,-1.1837954110898667,-3.820984703632886,2.016730401529634,-2.7846558317399643,0.0,0.7038718929254285,-1.186663479923519
15,maxR2-15,both,0.2599576211921415,0.5194477779130298,0.5190199193273163,2.450150741303544,0.025755093286402794,8.791796258688947,347.3258335147622,89.78002273254477,1276.1285834801479,1369.1447559156004,2.0487571701720846,0.042304015296365315,-2.8178776290630956,0.0,-1.2191682600382407,-1.1833173996175892,-3.879063097514338,2.100143403441684,-2.831978967495217,0.0,0.6264340344168282,-1.2643403441682581
16,maxR2-16,both,0.2559042318391388,0.5190400458658992,0.5130729273394113,2.4424227469975377,0.27246614256741225,9.017300291931116,347.30855457966214,84.59826883824323,1279.276123046875,1371.982724173953,2.0748087954110925,-0.009321223709372774,-2.8522944550669207,0.0,-1.2067399617590837,-1.1658699808795445,-3.905114722753346,2.0430210325047806,-2.8563575525812603,0.0,0.7031548757170121,-1.165391969407267
17,maxR2-17,both,0.23788305843470986,0.5025312128694771,0.4718341727833946,2.403554449699973,0.32494722814085275,10.542905025960973,331.13615236350535,79.85003516892428,1279.945676736621,1391.1824597517189,2.010516252390052,0.11687380497132034,-2.5489961759082265,0.0,-1.1658699808795445,-1.1460325047801185,-3.6049235181644352,1.9290152963671123,-2.5685946462715137,0.0,0.7392447418738024,-1.0126673040152951
18,maxR2-18,both,0.20335453020072233,0.519018037828816,0.5105884884688234,2.425981011504172,0.09605235243996084,8.523980621835879,349.53453629659333,85.45744670045904,1274.574564087571,1365.7742961258045,2.0504302103250494,0.03250478011472172,-2.852055449330782,0.0,-1.2260994263862321,-1.1842734225621445,-3.9292543021032498,2.0676386233269555,-2.8422562141491383,0.0,0.6692160611854644,-1.212715105162527
19,maxR2-19,both,0.2588054476898511,0.5187533914073496,0.5181292752847363,2.4491206806508554,0.1609329538371379,8.745236757671035,340.3403533091851,87.05018644741234,1277.8531826250542,1368.55880459529,2.106357552581259,0.07552581261950346,-2.7715105162523908,0.0,-1.163718929254302,-1.1524856596558324,-3.838910133843215,2.082456978967494,-2.7719885277246683,0.0,0.6845124282982802,-1.2442638623327
20,minMAPE-0,both,0.08820065197986625,0.3786449535060418,0.3687410065227145,2.307135271729346,5863.005072772176,273.2338345702109,254.28048659701705,28.047393375105205,-73524.41871842742,-2180.1478080661036,1.3068833652007623,0.02413957934990418,-0.6665869980879578,0.0,-1.1462715105162573,-1.1455544933078408,-1.7925430210325046,1.2942160611854665,-0.6704110898661584,0.0,1.18977055449331,0.7191682600382444
21,minMAPE-1,both,0.3405859118741677,0.47696374218908316,0.4608138186732009,2.387465583175105,0.06666388920359619,20.358432545802117,328.7047841684457,66.22931117734579,1276.6504978984594,1514.7108735889196,1.8343690248565991,0.011472275334608465,-2.0184034416825987,0.0,-1.317638623326961,-1.2978011472275282,-3.214149139579345,1.7215583173996183,-2.0062141491395806,0.0,0.7707934990439756,-0.6577437858508627
22,minMAPE-2,both,0.13380023246514922,0.37683320458719594,0.5255318158828072,2.5589944927972614,339.93628447894946,713.3788442216224,251.2946432035683,27.50263220234162,5612.707117382437,10236.372754529119,1.2899139579349883,0.03991395793499082,-0.6598948374760983,0.0,-1.1245219885277276,-1.1266730401529632,-1.7595602294455053,1.2989961759082223,-0.6706500956022972,0.0,1.181644359464631,0.7225143403441673
23,minMAPE-3,both,0.10832397540664031,0.384159075601632,0.3829671430755227,2.3156831478941835,940.6148378930135,933.5845745365842,260.60954458941666,28.815543920773294,13276.164101839066,-10490.661870542914,1.3384321223709355,0.011233269598469656,-0.7712715105162533,0.0,-1.1761472275334657,-1.1615678776290663,-1.879063097514339,1.3424952198852749,-0.770076481835566,0.0,1.157743785850859,0.6641969407265765
24,minMAPE-4,both,0.10185507311237588,0.3766583651331177,0.38942469475388647,2.330527390214434,1690.7189309666473,253.6158699514163,254.86030474383688,27.2873248395801,22845.992121272488,4450.255723338574,1.2848948374761004,0.006214149139581849,-0.6553537284894814,0.0,-1.1656309751433989,-1.143881453154876,-1.7755736137667308,1.268881453154875,-0.657265774378585,0.0,1.1938336520076425,0.7416347992351768
25,minMAPE-5,both,0.26893396302447475,0.5167431525122655,0.5137809809439685,2.4434240709107935,35.02667616392298,1.9584598075221065,346.00616026750737,84.4358964185938,1722.6703344993293,1283.1472166776657,2.106596558317398,-0.014101338432128565,-2.7750956022944595,0.0,-1.2172562141491439,-1.191204588910136,-3.837476099426389,2.022466539196938,-2.781548757170173,0.0,0.6706500956022904,-1.1904875717017196
26,minMAPE-6,both,0.15390345306529155,0.4092792575585356,0.424657475162345,2.3156344712728094,122.6939178246384,2.9990110219259036,273.46402851531036,41.15895995861099,2841.1290036067367,1296.2425537109375,1.5047801147227515,0.002868068833652116,-1.0984703632887198,0.0,-1.169933078393884,-1.1711281070745712,-2.1869024856596573,1.5133843212237077,-1.102772466539198,0.0,1.1324091778202676,0.34631931166348284
27,minMAPE-7,both,0.1221207824916839,0.35346008959677955,0.3985186116616716,2.3358210916530044,4.350724572446922,1065.2853245446202,245.03336061263687,35.20057433494664,1331.3065440952778,-12148.115809394047,1.096558317399616,0.010277246653921216,-0.40750478011472574,0.0,-1.150095602294458,-1.1508126195028674,-1.53465583173996,1.1293021032504766,-0.4120458891013427,0.0,1.2119980879541103,0.9811185468451286
28,minMAPE-8,both,0.25423347746978187,0.5217137975818494,0.5139651834932025,2.4452301886801586,9.131790663703034,0.6063353126449751,351.7681232755277,93.5532288539319,1392.3033852875233,1266.130729909637,2.0363288718929278,0.062380497131930134,-2.8733269598470343,0.0,-1.221319311663483,-1.2021988527724667,-3.9514818355640573,1.996414913957937,-2.8914913957935022,0.0,0.6108986615678735,-1.334608030592735
29,minMAPE-9,both,0.12001981979748935,0.3721127293147561,0.5297451125215289,2.5305647422868804,1229.4203917658695,155.2230258193644,249.56999097321497,24.953592977502247,-14409.145358148962,3211.981779936701,1.2566921606118502,0.03585086042064466,-0.6075525812619507,0.0,-1.12404397705545,-1.1357552581261974,-1.709847036328871,1.2796367112810672,-0.6027724665392017,0.0,1.1641969407265795,0.7619502868068873
30,minMAPE-10,both,0.0954279215069326,0.3731106864840427,0.39327247948278754,2.317081917171723,379.0122909259695,2420.9805586719776,253.57031501149345,25.42845068580745,6111.238807633519,31726.54033088684,1.26003824091778,0.029158699808791988,-0.6171128107074554,0.0,-1.1586998087954141,-1.1534416826003808,-1.7425908221797315,1.258365200764815,-0.626673040152967,0.0,1.1859464627151024,0.7827437858508618
31,minMAPE-11,both,0.13427882674785246,0.37987894585891907,0.7461030823949953,2.4589587408794835,303.54801984604603,124.9748765488359,252.79974748195272,27.92922434677007,5148.465637195855,2831.3088213671,1.3147705544933088,0.013623326959850949,-0.694311663479917,0.0,-1.118307839388139,-1.1276290630975117,-1.807361376673036,1.302342256214152,-0.7031548757170121,0.0,1.1766252390057366,0.7067399617590807
32,minMAPE-12,both,0.24521573084471845,0.3737105447793111,0.6524119711352692,2.4975533331352424,3.813546067178206,36.235057906257666,239.09704475637312,25.569946877957943,1324.4532207250595,802.4817962497473,1.2786806883365187,0.042543021032504125,-0.5982313575525846,0.0,-1.0442160611854683,-1.0518642447418762,-1.6383843212237137,1.279875717017206,-0.6108986615678804,0.0,1.183078393881457,0.7693594646271497
33,minMAPE-13,both,0.110260705378729,0.3740699636758399,0.3890325579911225,2.3290022646099255,941.922708773855,340.3173659232149,254.1449750266707,26.302366396313044,13292.849918536842,-3024.394050143659,1.255019120458892,0.03919694072657439,-0.6343212237093682,0.0,-1.157743785850859,-1.1598948374761013,-1.7461759082218,1.2693594646271527,-0.6338432122370973,0.0,1.1978967495219885,0.7693594646271497
34,minMAPE-14,both,0.12218543119431706,0.36401512757269955,0.3865538691043388,2.4165739407349327,319.75104856274316,0.9151011925926273,249.63631931158878,28.788833899417615,-2803.5838775634766,1270.0165485087782,1.1610898661567888,0.020076481835564812,-0.5203154875716999,0.0,-1.1675430210325026,-1.1355162523900584,-1.6436424474187403,1.1579827915869978,-0.5270076481835594,0.0,1.1809273422562148,0.8671128107074604
35,minMAPE-15,both,0.32916638631746237,0.4018304205677219,0.5760070120992535,2.4100664298758563,13.662740683437407,0.690290584633357,273.4378814760713,35.69275257909697,1450.1092456392944,1267.1873070076108,1.3957934990439778,0.05019120458891203,-0.923996175908225,0.0,-1.2306405353728491,-1.2043499043977024,-2.0963193116634833,1.3804971319311687,-0.9230401529636698,0.0,1.1266730401529632,0.4674952198852746
36,minMAPE-16,both,0.21389274360489274,0.37356272820098185,0.5240333178824252,2.325719014471898,0.3479669090587541,27.592368067838297,245.2547104442889,25.38753699385468,1271.3606381742284,1605.749952133745,1.2739005736137696,0.027485659655833914,-0.6307361376673064,0.0,-1.087715105162521,-1.096558317399616,-1.6696940726577414,1.256692160611857,-0.6297801147227512,0.0,1.1833173996175892,0.7739005736137666
37,minMAPE-17,both,0.2571444230502103,0.5200242884884314,0.5209929922137007,2.445793230143225,10.617711446566268,0.03202758436407605,347.61858203520137,88.07535739330599,1140.3392373647075,1258.903067149222,2.04636711281071,0.09775334608030396,-2.868785850860417,0.0,-1.1854684512428317,-1.2041108986615636,-3.8898183556405366,2.0712237093690242,-2.8561185468451216,0.0,0.6818833652007601,-1.2712715105162564
38,minMAPE-18,both,0.2205246408531215,0.2867388230656735,0.3780701015174641,2.4130971064925584,1.3731172820852515,2.3766655989959213,217.75837346086763,56.386162239796846,1293.3182302848436,1288.4103365633637,0.5908221797323088,0.001434034416826058,0.08245697896749495,0.0,-1.0638145315487624,-1.0707456978967538,-0.9906787762906334,0.6106596558317348,0.08269598470363375,0.0,1.2265774378585097,1.459608030592734
39,minMAPE-19,both,0.247909333391105,0.5170923203496083,0.5131530125291006,2.445082520792876,21.24950939806642,0.4697902881446745,338.846729094687,87.76643678993213,1004.6987590994686,1252.5876892236993,2.020315487571702,0.052103250478008914,-2.745936902485661,0.0,-1.1460325047801185,-1.1465105162523892,-3.813097514340346,2.132887189292538,-2.8059273422562163,0.0,0.6340822179732293,-1.2260994263862321
